{
  "winner_A": "M2",
  "winner_B": "M2",
  "inversion": false,
  "ssim_A": {
    "M1": [
      0.8320591873264312,
      0.0013019854996893132
    ],
    "M2": [
      0.8964004883321127,
      0.000604479248085191
    ]
  },
  "psnr_A": {
    "M1": [
      24.265879535439996,
      0.041302206120307106
    ],
    "M2": [
      27.040591587400908,
      0.07433878134046358
    ]
  },
  "acc_B": {
    "M1": [
      0.4359203703703704,
      0.013980608631081592
    ],
    "M2": [
      0.6649037037037037,
      0.007335322401402073
    ]
  },
  "ssim_margin": 0.06434130100568147,
  "psnr_margin": 2.774712051960911,
  "acc_margin": 0.22898333333333326,
  "floorA": 0.002030054877468522,
  "floorB": 0.022327757273312706,
  "A_significant": true,
  "B_significant": true
}