{
  "per_point": {
    "awgn@2": {
      "ssim": 0.817103709602356,
      "psnr": 23.471750453481,
      "acc": null
    },
    "awgn@4": {
      "ssim": 0.8488554278373718,
      "psnr": 24.540112161969052,
      "acc": null
    },
    "awgn@7": {
      "ssim": 0.8797400327682495,
      "psnr": 25.767990495772676,
      "acc": null
    },
    "awgn@10": {
      "ssim": 0.8967446229934692,
      "psnr": 26.57093561030012,
      "acc": null
    },
    "awgn@12": {
      "ssim": 0.9033925510406494,
      "psnr": 26.918157179504195,
      "acc": null
    },
    "rayleigh@2": {
      "ssim": 0.7045923072814941,
      "psnr": 20.474113042837153,
      "acc": null
    },
    "rayleigh@4": {
      "ssim": 0.7550430173873901,
      "psnr": 21.696991463628414,
      "acc": null
    },
    "rayleigh@7": {
      "ssim": 0.8113275573730468,
      "psnr": 23.24500152363301,
      "acc": null
    },
    "rayleigh@10": {
      "ssim": 0.8504686514854432,
      "psnr": 24.56211342984481,
      "acc": null
    },
    "rayleigh@12": {
      "ssim": 0.8683374473571778,
      "psnr": 25.2691678622325,
      "acc": null
    }
  },
  "mean_ssim": 0.8335605325126648,
  "mean_psnr": 24.251633322320295,
  "mean_acc": null
}