{
  "per_point": {
    "awgn@2": {
      "ssim": 0.8132992121696472,
      "psnr": 23.452445595397528,
      "acc": null
    },
    "awgn@4": {
      "ssim": 0.8454302379608154,
      "psnr": 24.49329702905026,
      "acc": null
    },
    "awgn@7": {
      "ssim": 0.8770570288658142,
      "psnr": 25.696327946188973,
      "acc": null
    },
    "awgn@10": {
      "ssim": 0.894605634880066,
      "psnr": 26.484253734360273,
      "acc": null
    },
    "awgn@12": {
      "ssim": 0.9014654415130615,
      "psnr": 26.82178633834313,
      "acc": null
    },
    "rayleigh@2": {
      "ssim": 0.7051716200828553,
      "psnr": 20.606701418529635,
      "acc": null
    },
    "rayleigh@4": {
      "ssim": 0.7535735175132752,
      "psnr": 21.762354991391195,
      "acc": null
    },
    "rayleigh@7": {
      "ssim": 0.8088380098342896,
      "psnr": 23.275011739531788,
      "acc": null
    },
    "rayleigh@10": {
      "ssim": 0.8474664543151855,
      "psnr": 24.53065300019111,
      "acc": null
    },
    "rayleigh@12": {
      "ssim": 0.8654969457626343,
      "psnr": 25.213030157634684,
      "acc": null
    }
  },
  "mean_ssim": 0.8312404102897644,
  "mean_psnr": 24.233586195061857,
  "mean_acc": null
}