{
  "per_point": {
    "awgn@2": {
      "ssim": 0.8143595393180847,
      "psnr": 23.516498300159043,
      "acc": null
    },
    "awgn@4": {
      "ssim": 0.8471314123153687,
      "psnr": 24.599100909921276,
      "acc": null
    },
    "awgn@7": {
      "ssim": 0.8790285966873169,
      "psnr": 25.856042113543598,
      "acc": null
    },
    "awgn@10": {
      "ssim": 0.896705018901825,
      "psnr": 26.688201779256833,
      "acc": null
    },
    "awgn@12": {
      "ssim": 0.90345183095932,
      "psnr": 27.038967556429697,
      "acc": null
    },
    "rayleigh@2": {
      "ssim": 0.6980382848739624,
      "psnr": 20.470492709449026,
      "acc": null
    },
    "rayleigh@4": {
      "ssim": 0.7499053195953369,
      "psnr": 21.695862845568573,
      "acc": null
    },
    "rayleigh@7": {
      "ssim": 0.8084592685699463,
      "psnr": 23.285055241894867,
      "acc": null
    },
    "rayleigh@10": {
      "ssim": 0.8488817335128784,
      "psnr": 24.61871905560328,
      "acc": null
    },
    "rayleigh@12": {
      "ssim": 0.867805187034607,
      "psnr": 25.355250377552167,
      "acc": null
    }
  },
  "mean_ssim": 0.8313766191768647,
  "mean_psnr": 24.312419088937837,
  "mean_acc": null
}