{
  "per_point": {
    "awgn@0": {
      "ssim": 0.7652707545280456,
      "psnr": 22.169797323399546,
      "acc": 0.4024
    },
    "awgn@2": {
      "ssim": 0.8073004153251648,
      "psnr": 23.319668292301365,
      "acc": 0.4573
    },
    "awgn@4": {
      "ssim": 0.8376284900665283,
      "psnr": 24.26658068522252,
      "acc": 0.5048
    },
    "awgn@7": {
      "ssim": 0.8670560943603516,
      "psnr": 25.33042930408302,
      "acc": 0.539
    },
    "awgn@10": {
      "ssim": 0.8832840972900391,
      "psnr": 25.996955046127425,
      "acc": 0.5606
    },
    "awgn@12": {
      "ssim": 0.889669107055664,
      "psnr": 26.28189427430053,
      "acc": 0.5795
    },
    "rayleigh@0": {
      "ssim": 0.6575161819458007,
      "psnr": 19.59097904661484,
      "acc": 0.2715
    },
    "rayleigh@2": {
      "ssim": 0.7121982065200806,
      "psnr": 20.821770121198043,
      "acc": 0.3268
    },
    "rayleigh@4": {
      "ssim": 0.75703374710083,
      "psnr": 21.889613099180654,
      "acc": 0.3823
    },
    "rayleigh@7": {
      "ssim": 0.807712619304657,
      "psnr": 23.27989493754359,
      "acc": 0.4426
    },
    "rayleigh@10": {
      "ssim": 0.8424028666496277,
      "psnr": 24.394093954246316,
      "acc": 0.4967
    },
    "rayleigh@12": {
      "ssim": 0.8590313722610473,
      "psnr": 24.98795729282618,
      "acc": 0.5278
    },
    "rician@0": {
      "ssim": 0.6778734169006347,
      "psnr": 20.01846627018597,
      "acc": 0.2892
    },
    "rician@2": {
      "ssim": 0.7297266672134399,
      "psnr": 21.241770823583423,
      "acc": 0.3439
    },
    "rician@4": {
      "ssim": 0.7726252546310425,
      "psnr": 22.304610134777935,
      "acc": 0.3972
    },
    "rician@7": {
      "ssim": 0.8189294455528259,
      "psnr": 23.635754031435766,
      "acc": 0.4619
    },
    "rician@10": {
      "ssim": 0.8508545366287231,
      "psnr": 24.701979383098486,
      "acc": 0.5116
    },
    "rician@12": {
      "ssim": 0.8650211012840271,
      "psnr": 25.233630733590072,
      "acc": 0.5369
    }
  },
  "mean_ssim": 0.8000630208121406,
  "mean_psnr": 23.303658041873092,
  "mean_acc": 0.44622222222222224
}