{
  "per_point": {
    "awgn@0": {
      "ssim": 0.7611531138420105,
      "psnr": 22.071664764740287,
      "acc": 0.4017
    },
    "awgn@2": {
      "ssim": 0.803327029800415,
      "psnr": 23.23971063072556,
      "acc": 0.4518
    },
    "awgn@4": {
      "ssim": 0.8344820695877075,
      "psnr": 24.22250677280475,
      "acc": 0.4928
    },
    "awgn@7": {
      "ssim": 0.8645939332962036,
      "psnr": 25.31273326838665,
      "acc": 0.5329
    },
    "awgn@10": {
      "ssim": 0.8812659978866577,
      "psnr": 26.008845753347174,
      "acc": 0.5563
    },
    "awgn@12": {
      "ssim": 0.8876767522811889,
      "psnr": 26.29854016715097,
      "acc": 0.5645
    },
    "rayleigh@0": {
      "ssim": 0.6504908103942871,
      "psnr": 19.456318979728266,
      "acc": 0.2761
    },
    "rayleigh@2": {
      "ssim": 0.7058926127433777,
      "psnr": 20.690764251660735,
      "acc": 0.3193
    },
    "rayleigh@4": {
      "ssim": 0.751356515789032,
      "psnr": 21.800283350963955,
      "acc": 0.3733
    },
    "rayleigh@7": {
      "ssim": 0.8038703168869018,
      "psnr": 23.229158790246444,
      "acc": 0.4463
    },
    "rayleigh@10": {
      "ssim": 0.8392397391319275,
      "psnr": 24.37293437376743,
      "acc": 0.4958
    },
    "rayleigh@12": {
      "ssim": 0.8565796674728393,
      "psnr": 24.982893818769234,
      "acc": 0.5196
    },
    "rician@0": {
      "ssim": 0.6721557154655456,
      "psnr": 19.926668228616524,
      "acc": 0.2928
    },
    "rician@2": {
      "ssim": 0.7242809818267822,
      "psnr": 21.129023447136817,
      "acc": 0.342
    },
    "rician@4": {
      "ssim": 0.7669750061035157,
      "psnr": 22.186320372555656,
      "acc": 0.3904
    },
    "rician@7": {
      "ssim": 0.8155344785690307,
      "psnr": 23.58381352414486,
      "acc": 0.4603
    },
    "rician@10": {
      "ssim": 0.8478294177055359,
      "psnr": 24.655236746976076,
      "acc": 0.5037
    },
    "rician@12": {
      "ssim": 0.8626813097953796,
      "psnr": 25.225584740121427,
      "acc": 0.528
    }
  },
  "mean_ssim": 0.7960769704765744,
  "mean_psnr": 23.244055665657932,
  "mean_acc": 0.44153333333333333
}