{
  "per_point": {
    "awgn@0": {
      "ssim": 0.7619693223953247,
      "psnr": 22.16191215408283,
      "acc": 0.3821
    },
    "awgn@2": {
      "ssim": 0.8021694784164428,
      "psnr": 23.242440605879125,
      "acc": 0.4358
    },
    "awgn@4": {
      "ssim": 0.8321086149215698,
      "psnr": 24.160273925105415,
      "acc": 0.4811
    },
    "awgn@7": {
      "ssim": 0.8612984965324402,
      "psnr": 25.178127967147095,
      "acc": 0.526
    },
    "awgn@10": {
      "ssim": 0.8774874649047851,
      "psnr": 25.82255597539811,
      "acc": 0.5514
    },
    "awgn@12": {
      "ssim": 0.8837213394165039,
      "psnr": 26.09039026613249,
      "acc": 0.56
    },
    "rayleigh@0": {
      "ssim": 0.6468184516906739,
      "psnr": 19.50420288139339,
      "acc": 0.2439
    },
    "rayleigh@2": {
      "ssim": 0.7009490501403809,
      "psnr": 20.683094219185392,
      "acc": 0.2908
    },
    "rayleigh@4": {
      "ssim": 0.7460513278007508,
      "psnr": 21.74332331676714,
      "acc": 0.3355
    },
    "rayleigh@7": {
      "ssim": 0.7976001589775086,
      "psnr": 23.095067037852978,
      "acc": 0.41
    },
    "rayleigh@10": {
      "ssim": 0.8334086351394653,
      "psnr": 24.180429593606764,
      "acc": 0.4652
    },
    "rayleigh@12": {
      "ssim": 0.8506450038909912,
      "psnr": 24.788655431340928,
      "acc": 0.4965
    },
    "rician@0": {
      "ssim": 0.6679300621032714,
      "psnr": 19.951291723744927,
      "acc": 0.2644
    },
    "rician@2": {
      "ssim": 0.7201685600280762,
      "psnr": 21.121461609592277,
      "acc": 0.3159
    },
    "rician@4": {
      "ssim": 0.7616488557815552,
      "psnr": 22.133264387654865,
      "acc": 0.3703
    },
    "rician@7": {
      "ssim": 0.809284040260315,
      "psnr": 23.444962385515215,
      "acc": 0.4311
    },
    "rician@10": {
      "ssim": 0.8418716052055358,
      "psnr": 24.48479882554407,
      "acc": 0.4882
    },
    "rician@12": {
      "ssim": 0.8570257581710815,
      "psnr": 25.028184790441202,
      "acc": 0.5119
    }
  },
  "mean_ssim": 0.791786456987593,
  "mean_psnr": 23.156357616465794,
  "mean_acc": 0.4200055555555556
}