{
  "per_point": {
    "awgn@2": {
      "ssim": 0.8738596267700195,
      "psnr": 25.538298689684147,
      "acc": null
    },
    "awgn@4": {
      "ssim": 0.9035532255172729,
      "psnr": 26.922779561280542,
      "acc": null
    },
    "awgn@7": {
      "ssim": 0.9328142168998719,
      "psnr": 28.687573746642585,
      "acc": null
    },
    "awgn@10": {
      "ssim": 0.9504784296989441,
      "psnr": 30.133824460747633,
      "acc": null
    },
    "awgn@12": {
      "ssim": 0.9581074144363403,
      "psnr": 30.914240579568503,
      "acc": null
    },
    "rayleigh@2": {
      "ssim": 0.7795596242904663,
      "psnr": 22.006185277858208,
      "acc": null
    },
    "rayleigh@4": {
      "ssim": 0.8333480807304382,
      "psnr": 23.881005849388437,
      "acc": null
    },
    "rayleigh@7": {
      "ssim": 0.8847288043975831,
      "psnr": 25.944938288534658,
      "acc": null
    },
    "rayleigh@10": {
      "ssim": 0.9165702981948852,
      "psnr": 27.56255290274005,
      "acc": null
    },
    "rayleigh@12": {
      "ssim": 0.9310601420402527,
      "psnr": 28.48770653125328,
      "acc": null
    }
  },
  "mean_ssim": 0.8964079862976074,
  "mean_psnr": 27.0079105887698,
  "mean_acc": null
}