{
  "per_point": {
    "awgn@2": {
      "ssim": 0.8745355756759644,
      "psnr": 25.50761860618222,
      "acc": null
    },
    "awgn@4": {
      "ssim": 0.9039235860824585,
      "psnr": 26.95707950739278,
      "acc": null
    },
    "awgn@7": {
      "ssim": 0.9326986464500427,
      "psnr": 28.749605784043393,
      "acc": null
    },
    "awgn@10": {
      "ssim": 0.9497780955314636,
      "psnr": 30.20907363039405,
      "acc": null
    },
    "awgn@12": {
      "ssim": 0.9568273803710937,
      "psnr": 30.957350070719556,
      "acc": null
    },
    "rayleigh@2": {
      "ssim": 0.7770794784545898,
      "psnr": 21.734005057943804,
      "acc": null
    },
    "rayleigh@4": {
      "ssim": 0.8322205069541931,
      "psnr": 23.73688053839087,
      "acc": null
    },
    "rayleigh@7": {
      "ssim": 0.8842681365013123,
      "psnr": 25.913397387484828,
      "acc": null
    },
    "rayleigh@10": {
      "ssim": 0.9160641924858093,
      "psnr": 27.582595550856112,
      "acc": null
    },
    "rayleigh@12": {
      "ssim": 0.9305273512840271,
      "psnr": 28.53431247470189,
      "acc": null
    }
  },
  "mean_ssim": 0.8957922949790955,
  "mean_psnr": 26.98819186081095,
  "mean_acc": null
}