{
  "per_point": {
    "awgn@2": {
      "ssim": 0.8680874857902526,
      "psnr": 25.428951732092315,
      "acc": null
    },
    "awgn@4": {
      "ssim": 0.9021086065292359,
      "psnr": 26.903244726703015,
      "acc": null
    },
    "awgn@7": {
      "ssim": 0.9346424802780151,
      "psnr": 28.85818963194461,
      "acc": null
    },
    "awgn@10": {
      "ssim": 0.9522784811019898,
      "psnr": 30.35331718850738,
      "acc": null
    },
    "awgn@12": {
      "ssim": 0.9591679656028748,
      "psnr": 31.092328631235702,
      "acc": null
    },
    "rayleigh@2": {
      "ssim": 0.7823721067428588,
      "psnr": 22.440925654470654,
      "acc": null
    },
    "rayleigh@4": {
      "ssim": 0.8334560168266296,
      "psnr": 23.968925467779158,
      "acc": null
    },
    "rayleigh@7": {
      "ssim": 0.8858202056884765,
      "psnr": 25.927030439442504,
      "acc": null
    },
    "rayleigh@10": {
      "ssim": 0.9187396567344666,
      "psnr": 27.649832795628235,
      "acc": null
    },
    "rayleigh@12": {
      "ssim": 0.9333388319015503,
      "psnr": 28.63397685841609,
      "acc": null
    }
  },
  "mean_ssim": 0.8970011837196349,
  "mean_psnr": 27.12567231262197,
  "mean_acc": null
}