{
  "per_point": {
    "awgn@0": {
      "ssim": 0.8261388608932495,
      "psnr": 23.936147953573013,
      "acc": 0.5924
    },
    "awgn@2": {
      "ssim": 0.866240372467041,
      "psnr": 25.385812200230063,
      "acc": 0.6722
    },
    "awgn@4": {
      "ssim": 0.8948813940048218,
      "psnr": 26.63121552216343,
      "acc": 0.7158
    },
    "awgn@7": {
      "ssim": 0.9242322330474854,
      "psnr": 28.261177781222653,
      "acc": 0.7718
    },
    "awgn@10": {
      "ssim": 0.9426047309875488,
      "psnr": 29.615558285824704,
      "acc": 0.8077
    },
    "awgn@12": {
      "ssim": 0.950652297782898,
      "psnr": 30.331067624633423,
      "acc": 0.8136
    },
    "rayleigh@0": {
      "ssim": 0.7248806718826294,
      "psnr": 20.757368746331025,
      "acc": 0.4422
    },
    "rayleigh@2": {
      "ssim": 0.7891209142684936,
      "psnr": 22.619968799993032,
      "acc": 0.5242
    },
    "rayleigh@4": {
      "ssim": 0.8340824367523193,
      "psnr": 24.11032921259543,
      "acc": 0.6053
    },
    "rayleigh@7": {
      "ssim": 0.8800967632293701,
      "psnr": 25.85389151885062,
      "acc": 0.6923
    },
    "rayleigh@10": {
      "ssim": 0.9101161849975586,
      "psnr": 27.317679184798322,
      "acc": 0.7539
    },
    "rayleigh@12": {
      "ssim": 0.9243087270736694,
      "psnr": 28.18435916652943,
      "acc": 0.7792
    },
    "rician@0": {
      "ssim": 0.7442341346740723,
      "psnr": 21.33762343597239,
      "acc": 0.4569
    },
    "rician@2": {
      "ssim": 0.8034176760673523,
      "psnr": 23.147005197037466,
      "acc": 0.5531
    },
    "rician@4": {
      "ssim": 0.845322972869873,
      "psnr": 24.5437415202502,
      "acc": 0.6193
    },
    "rician@7": {
      "ssim": 0.8879558314323426,
      "psnr": 26.236069685027545,
      "acc": 0.7074
    },
    "rician@10": {
      "ssim": 0.9160683771133423,
      "psnr": 27.679706505942146,
      "acc": 0.7661
    },
    "rician@12": {
      "ssim": 0.929293264389038,
      "psnr": 28.52883874607739,
      "acc": 0.787
    }
  },
  "mean_ssim": 0.8663137691073947,
  "mean_psnr": 25.80430894928068,
  "mean_acc": 0.6700222222222223
}