{
  "per_point": {
    "awgn@0": {
      "ssim": 0.8246744609832763,
      "psnr": 23.932534756186822,
      "acc": 0.5811
    },
    "awgn@2": {
      "ssim": 0.8641953145980835,
      "psnr": 25.36502438057839,
      "acc": 0.6477
    },
    "awgn@4": {
      "ssim": 0.89338167552948,
      "psnr": 26.59925122530271,
      "acc": 0.7106
    },
    "awgn@7": {
      "ssim": 0.9231752174377441,
      "psnr": 28.226014933743095,
      "acc": 0.7723
    },
    "awgn@10": {
      "ssim": 0.9417250494003296,
      "psnr": 29.569442899772298,
      "acc": 0.8033
    },
    "awgn@12": {
      "ssim": 0.949708556175232,
      "psnr": 30.274739066137023,
      "acc": 0.808
    },
    "rayleigh@0": {
      "ssim": 0.7242459307670593,
      "psnr": 20.78147157351458,
      "acc": 0.4238
    },
    "rayleigh@2": {
      "ssim": 0.78712057056427,
      "psnr": 22.692984949465394,
      "acc": 0.5084
    },
    "rayleigh@4": {
      "ssim": 0.8315727961540222,
      "psnr": 24.107894298688603,
      "acc": 0.5805
    },
    "rayleigh@7": {
      "ssim": 0.8777442844390869,
      "psnr": 25.83351193461541,
      "acc": 0.6753
    },
    "rayleigh@10": {
      "ssim": 0.9085129127502442,
      "psnr": 27.28976371307171,
      "acc": 0.7365
    },
    "rayleigh@12": {
      "ssim": 0.9231195165634155,
      "psnr": 28.145335504159775,
      "acc": 0.7704
    },
    "rician@0": {
      "ssim": 0.742944270324707,
      "psnr": 21.33925739377759,
      "acc": 0.4466
    },
    "rician@2": {
      "ssim": 0.8012592611312866,
      "psnr": 23.150177664217363,
      "acc": 0.5251
    },
    "rician@4": {
      "ssim": 0.8427800487518311,
      "psnr": 24.527933217763405,
      "acc": 0.6005
    },
    "rician@7": {
      "ssim": 0.8858839912414551,
      "psnr": 26.204820373858514,
      "acc": 0.6912
    },
    "rician@10": {
      "ssim": 0.9145549738883972,
      "psnr": 27.65093296932254,
      "acc": 0.7539
    },
    "rician@12": {
      "ssim": 0.9281500358581543,
      "psnr": 28.493164050528872,
      "acc": 0.7818
    }
  },
  "mean_ssim": 0.8647082703643375,
  "mean_psnr": 25.78801416137245,
  "mean_acc": 0.6565
}