{
  "per_point": {
    "awgn@0": {
      "ssim": 0.8215639253616333,
      "psnr": 23.853042021066617,
      "acc": 0.5885
    },
    "awgn@2": {
      "ssim": 0.8620443567276,
      "psnr": 25.268640415819426,
      "acc": 0.6641
    },
    "awgn@4": {
      "ssim": 0.8912706245422364,
      "psnr": 26.499627031320642,
      "acc": 0.7254
    },
    "awgn@7": {
      "ssim": 0.9214889780044556,
      "psnr": 28.13084418677829,
      "acc": 0.7747
    },
    "awgn@10": {
      "ssim": 0.9405582876205444,
      "psnr": 29.480182685980623,
      "acc": 0.8014
    },
    "awgn@12": {
      "ssim": 0.9487699193954467,
      "psnr": 30.189247354239214,
      "acc": 0.8156
    },
    "rayleigh@0": {
      "ssim": 0.7201593086242676,
      "psnr": 20.6319616467908,
      "acc": 0.4328
    },
    "rayleigh@2": {
      "ssim": 0.7842839727401734,
      "psnr": 22.552859323691123,
      "acc": 0.5277
    },
    "rayleigh@4": {
      "ssim": 0.8294662546157837,
      "psnr": 24.022374596284664,
      "acc": 0.5995
    },
    "rayleigh@7": {
      "ssim": 0.876382035446167,
      "psnr": 25.755692634055926,
      "acc": 0.6923
    },
    "rayleigh@10": {
      "ssim": 0.9073312701225281,
      "psnr": 27.209632686359782,
      "acc": 0.7513
    },
    "rayleigh@12": {
      "ssim": 0.9221485877990723,
      "psnr": 28.077009250962398,
      "acc": 0.7742
    },
    "rician@0": {
      "ssim": 0.7394033033370971,
      "psnr": 21.2614163028079,
      "acc": 0.46
    },
    "rician@2": {
      "ssim": 0.7989315029144287,
      "psnr": 23.065241065087363,
      "acc": 0.544
    },
    "rician@4": {
      "ssim": 0.8409524183273316,
      "psnr": 24.45438928881373,
      "acc": 0.622
    },
    "rician@7": {
      "ssim": 0.8845844214439392,
      "psnr": 26.13349788704387,
      "acc": 0.7094
    },
    "rician@10": {
      "ssim": 0.9133884299278259,
      "psnr": 27.573756707378564,
      "acc": 0.7603
    },
    "rician@12": {
      "ssim": 0.9272572810173034,
      "psnr": 28.425874596078312,
      "acc": 0.7842
    }
  },
  "mean_ssim": 0.8627769376648797,
  "mean_psnr": 25.699182760031068,
  "mean_acc": 0.6681888888888889
}